{
  "MAE": 204.69115652547868,
  "RMSE": 271.35415365904225,
  "MAPE": 7.063716094891492,
  "Accuracy": 92.93628390510851,
  "R2": 0.9970372840240735
}